,Players,Values,Team
0,Ionut Radu,$6.60m  ,inter milan
1,Samir Handanovic,$2.75m  ,inter milan
2,Filip Stankovic,$550Th.  ,inter milan
3,Daniele Padelli,$440Th.  ,inter milan
4,Milan Skriniar,$66.00m  ,inter milan
5,Alessandro Bastoni,$66.00m  ,inter milan
6,Stefan de Vrij,$55.00m  ,inter milan
7,Lorenzo Pirola,$2.75m  ,inter milan
8,Andrea Ranocchia,$1.10m  ,inter milan
9,Lorenzo Moretti,$138Th.  ,inter milan
10,Dalbert,$4.40m  ,inter milan
11,Aleksandar Kolarov,$1.65m  ,inter milan
12,Franco Carboni,0,inter milan
13,Matteo Darmian,$7.70m  ,inter milan
14,Danilo D'Ambrosio,$5.50m  ,inter milan
15,Marcelo Brozovic,$44.00m  ,inter milan
16,David Wieser,$165Th.  ,inter milan
17,Nicolò Barella,$71.50m  ,inter milan
18,Roberto Gagliardini,$16.50m  ,inter milan
19,Stefano Sensi,$14.30m  ,inter milan
20,Matías Vecino,$8.80m  ,inter milan
21,Arturo Vidal,$3.85m  ,inter milan
22,Niccolò Squizzato,$165Th.  ,inter milan
23,Riccardo Boscolo Chio,$110Th.  ,inter milan
24,Achraf Hakimi,$66.00m  ,inter milan
25,Ivan Perisic,$11.00m  ,inter milan
26,Ashley Young,$1.10m  ,inter milan
27,Franco Vezzoni,$440Th.  ,inter milan
28,Christian Eriksen,$44.00m  ,inter milan
29,Radja Nainggolan,$5.50m  ,inter milan
30,Romelu Lukaku,$110.00m  ,inter milan
31,Lautaro Martínez,$88.00m  ,inter milan
32,Andrea Pinamonti,$13.20m  ,inter milan
33,Alexis Sánchez,$8.25m  ,inter milan
34,Martín Satriano,$1.10m  ,inter milan
35,Nicholas Bonfanti,$275Th.  ,inter milan
36,Gianluigi Donnarumma,$66.00m  ,ac milan
37,Ciprian Tatarusanu,$660Th.  ,ac milan
38,Antonio Donnarumma,$330Th.  ,ac milan
39,Andreas Jungdal,$165Th.  ,ac milan
40,Leonardo Moleri,$28Th.  ,ac milan
41,Fikayo Tomori,$30.80m  ,ac milan
42,Alessio Romagnoli,$27.50m  ,ac milan
43,Simon Kjaer,$11.00m  ,ac milan
44,Matteo Gabbia,$9.35m  ,ac milan
45,Léo Duarte,$2.42m  ,ac milan
46,Mateo Musacchio,$2.20m  ,ac milan
47,Nikolaos Michelis,$440Th.  ,ac milan
48,Theo Hernández,$55.00m  ,ac milan
49,Diego Laxalt,$3.52m  ,ac milan
50,Davide Calabria,$27.50m  ,ac milan
51,Diogo Dalot,$11.00m  ,ac milan
52,Pierre Kalulu,$7.70m  ,ac milan
53,Andrea Conti,$4.95m  ,ac milan
54,Luca Stanga,$165Th.  ,ac milan
55,Ismaël Bennacer,$41.80m  ,ac milan
56,Sandro Tonali,$29.70m  ,ac milan
57,Franck Kessié,$60.50m  ,ac milan
58,Rade Krunic,$6.60m  ,ac milan
59,Soualiho Meïté,$5.50m  ,ac milan
60,Enrico Di Gesù,$220Th.  ,ac milan
61,Marco Romano Frigerio,$138Th.  ,ac milan
62,Antonio Mionic,$83Th.  ,ac milan
63,Hakan Calhanoglu,$38.50m  ,ac milan
64,Lucas Paquetá,$33.00m  ,ac milan
65,Brahim Díaz,$16.50m  ,ac milan
66,Daniel Maldini,$880Th.  ,ac milan
67,Giacomo Olzer,$165Th.  ,ac milan
68,Ante Rebic,$35.20m  ,ac milan
69,Jens Petter Hauge,$10.45m  ,ac milan
70,Alexis Saelemaekers,$19.80m  ,ac milan
71,Samu Castillejo,$8.80m  ,ac milan
72,Rafael Leão,$27.50m  ,ac milan
73,Zlatan Ibrahimovic,$4.40m  ,ac milan
74,Lorenzo Colombo,$1.10m  ,ac milan
75,Mario Mandzukic,$880Th.  ,ac milan
76,Riccardo Tonin,$110Th.  ,ac milan
77,Emil Roback,0,ac milan
78,Pierluigi Gollini,$18.70m  ,atalanta bc
79,Marco Carnesecchi,$2.75m  ,atalanta bc
80,Marco Sportiello,$2.20m  ,atalanta bc
81,Boris Radunović,$330Th.  ,atalanta bc
82,Ludovico Gelmi,$110Th.  ,atalanta bc
83,Francesco Rossi,$110Th.  ,atalanta bc
84,Cristian Romero,$33.00m  ,atalanta bc
85,Berat Djimsiti,$24.20m  ,atalanta bc
86,Rafael Tolói,$16.50m  ,atalanta bc
87,José Luis Palomino,$11.00m  ,atalanta bc
88,Mattia Caldara,$5.50m  ,atalanta bc
89,Bosko Sutalo,$3.85m  ,atalanta bc
90,Giorgio Scalvini,0,atalanta bc
91,Robin Gosens,$38.50m  ,atalanta bc
92,Johan Mojica,$2.20m  ,atalanta bc
93,Matteo Ruggeri,$2.20m  ,atalanta bc
94,Hans Hateboer,$19.80m  ,atalanta bc
95,Joakim Maehle,$14.30m  ,atalanta bc
96,Fabio Depaoli,$3.85m  ,atalanta bc
97,Cristiano Piccini,$2.42m  ,atalanta bc
98,Raoul Bellanova,$1.10m  ,atalanta bc
99,Davide Ghislandi,$495Th.  ,atalanta bc
100,Marten de Roon,$25.30m  ,atalanta bc
101,Simone Panada,$275Th.  ,atalanta bc
102,Remo Freuler,$27.50m  ,atalanta bc
103,Mario Pasalic,$25.30m  ,atalanta bc
104,Jacopo Da Riva,$770Th.  ,atalanta bc
105,Emmanuel Gyabuaa,$715Th.  ,atalanta bc
106,Ruslan Malinovskyi,$33.00m  ,atalanta bc
107,Matteo Pessina,$22.00m  ,atalanta bc
108,Aleksey Miranchuk,$16.50m  ,atalanta bc
109,Viktor Kovalenko,$5.50m  ,atalanta bc
110,Alessandro Cortinovis,$825Th.  ,atalanta bc
111,Amad Diallo,$19.80m  ,atalanta bc
112,Papu Gómez,$9.90m  ,atalanta bc
113,Josip Ilicic,$6.60m  ,atalanta bc
114,Duván Zapata,$36.30m  ,atalanta bc
115,Luis Muriel,$33.00m  ,atalanta bc
116,Sam Lammers,$6.60m  ,atalanta bc
117,Wojciech Szczesny,$27.50m  ,juventus fc
118,Gianluigi Buffon,$1.10m  ,juventus fc
119,Franco Israel,$660Th.  ,juventus fc
120,Carlo Pinsoglio,$440Th.  ,juventus fc
121,Giovanni Garofani,$165Th.  ,juventus fc
122,Matthijs de Ligt,$82.50m  ,juventus fc
123,Merih Demiral,$30.80m  ,juventus fc
124,Leonardo Bonucci,$8.80m  ,juventus fc
125,Daniele Rugani,$5.50m  ,juventus fc
126,Radu Dragusin,$3.30m  ,juventus fc
127,Giorgio Chiellini,$1.65m  ,juventus fc
128,Koni De Winter,$440Th.  ,juventus fc
129,Alessandro Pio Riccio,$385Th.  ,juventus fc
130,Riccardo Capellini,$275Th.  ,juventus fc
131,Davide De Marino,$193Th.  ,juventus fc
132,Alex Sandro,$22.00m  ,juventus fc
133,Gianluca Frabotta,$2.75m  ,juventus fc
134,Danilo,$22.00m  ,juventus fc
135,Juan Cuadrado,$17.60m  ,juventus fc
136,Mattia De Sciglio,$8.25m  ,juventus fc
137,Daouda Peeters,$1.10m  ,juventus fc
138,Arthur,$44.00m  ,juventus fc
139,Rodrigo Bentancur,$38.50m  ,juventus fc
140,Adrien Rabiot,$33.00m  ,juventus fc
141,Weston McKennie,$27.50m  ,juventus fc
142,Aaron Ramsey,$15.40m  ,juventus fc
143,Hans Nicolussi Caviglia,$1.65m  ,juventus fc
144,Filippo Ranocchia,$660Th.  ,juventus fc
145,Wesley,$1.10m  ,juventus fc
146,Alessandro Di Pardo,$248Th.  ,juventus fc
147,Nicolò Fagioli,$1.32m  ,juventus fc
148,Manolo Portanova,$1.10m  ,juventus fc
149,Hamza Rafia,$550Th.  ,juventus fc
150,Douglas Costa,$6.60m  ,juventus fc
151,Marley Aké,$2.75m  ,juventus fc
152,Félix Correia,$2.20m  ,juventus fc
153,Federico Chiesa,$66.00m  ,juventus fc
154,Dejan Kulusevski,$44.00m  ,juventus fc
155,Federico Bernardeschi,$16.50m  ,juventus fc
156,Paulo Dybala,$55.00m  ,juventus fc
157,Cristiano Ronaldo,$49.50m  ,juventus fc
158,Álvaro Morata,$49.50m  ,juventus fc
159,Cosimo Marco Da Graca,$1.21m  ,juventus fc
160,Alejandro Marqués,$550Th.  ,juventus fc
161,Giacomo Vrioni,$385Th.  ,juventus fc
162,Alex Meret,$22.00m  ,ssc napoli
163,David Ospina,$5.50m  ,ssc napoli
164,Nikita Contini,$550Th.  ,ssc napoli
165,Hubert Idasiak,$165Th.  ,ssc napoli
166,Kalidou Koulibaly,$52.80m  ,ssc napoli
167,Konstantinos Manolas,$25.30m  ,ssc napoli
168,Amir Rrahmani,$15.40m  ,ssc napoli
169,Nikola Maksimovic,$11.00m  ,ssc napoli
170,Sebastiano Luperto,$2.42m  ,ssc napoli
171,Davide Costanzo,$83Th.  ,ssc napoli
172,Mário Rui,$8.80m  ,ssc napoli
173,Faouzi Ghoulam,$3.30m  ,ssc napoli
174,Giovanni Di Lorenzo,$26.40m  ,ssc napoli
175,Elseid Hysaj,$14.30m  ,ssc napoli
176,Kévin Malcuit,$3.85m  ,ssc napoli
177,Tiemoué Bakayoko,$22.00m  ,ssc napoli
178,Diego Demme,$17.60m  ,ssc napoli
179,Stanislav Lobotka,$9.90m  ,ssc napoli
180,Fabián Ruiz,$49.50m  ,ssc napoli
181,Valerio Labriola,$83Th.  ,ssc napoli
182,Karim Zedadka,$110Th.  ,ssc napoli
183,Piotr Zielinski,$55.00m  ,ssc napoli
184,Eljif Elmas,$18.70m  ,ssc napoli
185,Lorenzo Insigne,$52.80m  ,ssc napoli
186,Antonio Cioffi,$660Th.  ,ssc napoli
187,Hirving Lozano,$49.50m  ,ssc napoli
188,Matteo Politano,$33.00m  ,ssc napoli
189,Giuseppe D'Agostino,0,ssc napoli
190,Victor Osimhen,$55.00m  ,ssc napoli
191,Andrea Petagna,$16.50m  ,ssc napoli
192,Dries Mertens,$9.90m  ,ssc napoli
193,Fernando Llorente,$1.10m  ,ssc napoli
194,Thomas Strakosha,$15.40m  ,ss lazio
195,Pepe Reina,$880Th.  ,ss lazio
196,Marco Alia,$110Th.  ,ss lazio
197,Alessio Furlanetto,$83Th.  ,ss lazio
198,Gabriel Pereira,$55Th.  ,ss lazio
199,Luiz Felipe,$19.80m  ,ss lazio
200,Francesco Acerbi,$11.00m  ,ss lazio
201,Patric,$7.15m  ,ss lazio
202,Denis Vavro,$4.40m  ,ss lazio
203,Wesley Hoedt,$4.40m  ,ss lazio
204,Bastos,$2.20m  ,ss lazio
205,Stefan Radu,$2.20m  ,ss lazio
206,Mateo Musacchio,$2.20m  ,ss lazio
207,Nicolò Armini,$440Th.  ,ss lazio
208,Damiano Franco,$83Th.  ,ss lazio
209,Enzo Adeagbo,$55Th.  ,ss lazio
210,Marzio Pica,$28Th.  ,ss lazio
211,Jordan Lukaku,$2.42m  ,ss lazio
212,Angelo Ndrecka,$55Th.  ,ss lazio
213,Mattia Novella,$55Th.  ,ss lazio
214,Lucas Leiva,$3.85m  ,ss lazio
215,Marco Bertini,$110Th.  ,ss lazio
216,Sergej Milinković-Savić,$77.00m  ,ss lazio
217,Luis Alberto,$49.50m  ,ss lazio
218,Jean-Daniel Akpa Akpro,$3.85m  ,ss lazio
219,Gonzalo Escalante,$3.52m  ,ss lazio
220,Danilo Cataldi,$2.75m  ,ss lazio
221,Sofian Kiyine,$2.20m  ,ss lazio
222,Marco Parolo,$1.10m  ,ss lazio
223,Joseph Marie Minala,$550Th.  ,ss lazio
224,Manuel Lazzari,$23.10m  ,ss lazio
225,Adam Marusic,$11.00m  ,ss lazio
226,Djavan Anderson,$440Th.  ,ss lazio
227,Mohamed Fares,$6.05m  ,ss lazio
228,Senad Lulic,$1.10m  ,ss lazio
229,Andreas Pereira,$8.80m  ,ss lazio
230,Szymon Czyz,$330Th.  ,ss lazio
231,Florent Shehu,$55Th.  ,ss lazio
232,Raúl Moro,$880Th.  ,ss lazio
233,Bobby Adekanye,$660Th.  ,ss lazio
234,Joaquín Correa,$33.00m  ,ss lazio
235,Ciro Immobile,$41.80m  ,ss lazio
236,Vedat Muriqi,$9.90m  ,ss lazio
237,Felipe Caicedo,$4.40m  ,ss lazio
238,Pau López,$11.00m  ,as roma
239,Robin Olsen,$3.30m  ,as roma
240,Antonio Mirante,$1.10m  ,as roma
241,Daniel Fuzato,$880Th.  ,as roma
242,Pietro Boer,$165Th.  ,as roma
243,Simone Farelli,$55Th.  ,as roma
244,Filippo Berti,0,as roma
245,Gianluca Mancini,$33.00m  ,as roma
246,Roger Ibañez,$27.50m  ,as roma
247,Marash Kumbulla,$27.50m  ,as roma
248,Chris Smalling,$13.20m  ,as roma
249,Juan Jesus,$2.20m  ,as roma
250,Federico Fazio,$880Th.  ,as roma
251,Amir Feratovic,$385Th.  ,as roma
252,Raul Morichelli,$110Th.  ,as roma
253,Leonardo Spinazzola,$28.60m  ,as roma
254,Riccardo Calafiori,$2.75m  ,as roma
255,Rick Karsdorp,$13.20m  ,as roma
256,Bryan Reynolds,$6.60m  ,as roma
257,Bruno Peres,$2.75m  ,as roma
258,Davide Santon,$2.20m  ,as roma
259,Amadou Diawara,$15.40m  ,as roma
260,Ebrima Darboe,$2.20m  ,as roma
261,Filippo Tripi,$330Th.  ,as roma
262,Lorenzo Pellegrini,$44.00m  ,as roma
263,Jordan Veretout,$36.30m  ,as roma
264,Bryan Cristante,$19.80m  ,as roma
265,Gonzalo Villar,$16.50m  ,as roma
266,Tommaso Milanese,$1.05m  ,as roma
267,Edoardo Bove,$330Th.  ,as roma
268,Nicolò Zaniolo,$44.00m  ,as roma
269,Henrikh Mkhitaryan,$16.50m  ,as roma
270,Javier Pastore,$1.65m  ,as roma
271,Nicola Zalewski,$990Th.  ,as roma
272,Justin Kluivert,$15.40m  ,as roma
273,Stephan El Shaarawy,$7.70m  ,as roma
274,Riccardo Ciervo,$330Th.  ,as roma
275,Carles Pérez,$8.80m  ,as roma
276,Pedro,$5.50m  ,as roma
277,Ruben Providence,$385Th.  ,as roma
278,Suf Podgoreanu,$275Th.  ,as roma
279,Mirko Antonucci,$220Th.  ,as roma
280,Mory Bamba,$110Th.  ,as roma
281,Borja Mayoral,$15.40m  ,as roma
282,Edin Dzeko,$4.40m  ,as roma
283,Lamine Tall,$275Th.  ,as roma
284,Andrea Consigli,$3.30m  ,us sassuolo
285,Stefano Turati,$440Th.  ,us sassuolo
286,Samuele Vitale,$110Th.  ,us sassuolo
287,Gianluca Pegolo,$110Th.  ,us sassuolo
288,Gian Marco Ferrari,$13.20m  ,us sassuolo
289,Marlon,$7.15m  ,us sassuolo
290,Kaan Ayhan,$6.60m  ,us sassuolo
291,Vlad Chiriches,$3.85m  ,us sassuolo
292,Filippo Romagna,$3.30m  ,us sassuolo
293,Federico Peluso,$440Th.  ,us sassuolo
294,Stefano Piccinini,$385Th.  ,us sassuolo
295,Rogério,$6.60m  ,us sassuolo
296,Georgios Kyriakopoulos,$4.95m  ,us sassuolo
297,Mert Müldür,$9.90m  ,us sassuolo
298,Jeremy Toljan,$5.50m  ,us sassuolo
299,Matteo Saccani,$330Th.  ,us sassuolo
300,Manuel Locatelli,$38.50m  ,us sassuolo
301,Francesco Magnanelli,$440Th.  ,us sassuolo
302,Andrea Ghion,$275Th.  ,us sassuolo
303,Federico Artioli,$165Th.  ,us sassuolo
304,Maxime López,$11.00m  ,us sassuolo
305,Pedro Obiang,$5.50m  ,us sassuolo
306,Mehdi Bourabia,$2.53m  ,us sassuolo
307,Alessandro Mercati,$193Th.  ,us sassuolo
308,Raul Steau,$11Th.  ,us sassuolo
309,Hamed Junior Traorè,$22.00m  ,us sassuolo
310,Filip Djuricic,$9.90m  ,us sassuolo
311,Jérémie Boga,$22.00m  ,us sassuolo
312,Lukas Haraslin,$1.43m  ,us sassuolo
313,Nicolás Schiappacasse,$880Th.  ,us sassuolo
314,Domenico Berardi,$38.50m  ,us sassuolo
315,Brian Oddei,$1.10m  ,us sassuolo
316,Federico Ricci,$990Th.  ,us sassuolo
317,Isaac Karamoko,$165Th.  ,us sassuolo
318,Gianluca Scamacca,$16.50m  ,us sassuolo
319,Giacomo Raspadori,$16.50m  ,us sassuolo
320,Francesco Caputo,$5.50m  ,us sassuolo
321,Grégoire Defrel,$5.50m  ,us sassuolo
322,Luigi Samele,$165Th.  ,us sassuolo
323,Emil Audero,$15.40m  ,uc sampdoria
324,Karlo Letica,$770Th.  ,uc sampdoria
325,Nicola Ravaglia,$330Th.  ,uc sampdoria
326,Lorenzo Avogadri,$83Th.  ,uc sampdoria
327,Omar Colley,$6.60m  ,uc sampdoria
328,Maya Yoshida,$3.52m  ,uc sampdoria
329,Julian Chabot,$3.30m  ,uc sampdoria
330,Lorenzo Tonelli,$2.20m  ,uc sampdoria
331,Alex Ferrari,$1.98m  ,uc sampdoria
332,Kaique Rocha,$880Th.  ,uc sampdoria
333,Tommaso Augello,$4.40m  ,uc sampdoria
334,Vasco Regini,$440Th.  ,uc sampdoria
335,Bartosz Bereszynski,$6.60m  ,uc sampdoria
336,Fabio Depaoli,$3.85m  ,uc sampdoria
337,Albin Ekdal,$3.30m  ,uc sampdoria
338,Leonardo Capezzi,$880Th.  ,uc sampdoria
339,Morten Thorsby,$7.70m  ,uc sampdoria
340,Ronaldo Vieira,$5.50m  ,uc sampdoria
341,Valerio Verre,$3.85m  ,uc sampdoria
342,Adrien Silva,$3.30m  ,uc sampdoria
343,Mehdi Léris,$1.65m  ,uc sampdoria
344,Kristoffer Askildsen,$1.10m  ,uc sampdoria
345,Antonio Palumbo,$715Th.  ,uc sampdoria
346,Antonio Candreva,$2.75m  ,uc sampdoria
347,Jakub Jankto,$12.10m  ,uc sampdoria
348,Gastón Ramírez,$3.85m  ,uc sampdoria
349,Mikkel Damsgaard,$14.30m  ,uc sampdoria
350,Keita Baldé,$8.80m  ,uc sampdoria
351,Ernesto Torregrossa,$6.05m  ,uc sampdoria
352,Manolo Gabbiadini,$5.50m  ,uc sampdoria
353,Federico Bonazzoli,$4.40m  ,uc sampdoria
354,Antonino La Gumina,$2.20m  ,uc sampdoria
355,Fabio Quagliarella,$1.10m  ,uc sampdoria
356,Nik Prelec,$495Th.  ,uc sampdoria
357,Marco Silvestri,$9.90m  ,hellas verona
358,Ivor Pandur,$1.10m  ,hellas verona
359,Nicola Borghetto,$55Th.  ,hellas verona
360,Alessandro Berardi,$55Th.  ,hellas verona
361,Matteo Lovato,$7.70m  ,hellas verona
362,Koray Günter,$5.50m  ,hellas verona
363,Giangiacomo Magnani,$5.50m  ,hellas verona
364,Pawel Dawidowicz,$4.40m  ,hellas verona
365,Federico Ceccherini,$3.85m  ,hellas verona
366,Mert Cetin,$3.08m  ,hellas verona
367,Bruno Amione,$2.20m  ,hellas verona
368,Alan Empereur,$1.10m  ,hellas verona
369,Nicolò Casale,$550Th.  ,hellas verona
370,Salvatore Bocchetti,$220Th.  ,hellas verona
371,Bernardo Calabrese,$83Th.  ,hellas verona
372,Matei Cristian Ilie,$83Th.  ,hellas verona
373,Eugenio Bracelli,$11Th.  ,hellas verona
374,Federico Dimarco,$11.00m  ,hellas verona
375,Destiny Udogie,$1.10m  ,hellas verona
376,Kevin Rüegg,$3.96m  ,hellas verona
377,Adrien Tamèze,$6.60m  ,hellas verona
378,Miguel Veloso,$990Th.  ,hellas verona
379,Andrea Danzi,$440Th.  ,hellas verona
380,Ivan Ilic,$8.80m  ,hellas verona
381,Marco Benassi,$5.50m  ,hellas verona
382,Ronaldo Vieira,$5.50m  ,hellas verona
383,Stefano Sturaro,$4.95m  ,hellas verona
384,Daniel Bessa,$2.75m  ,hellas verona
385,Lucas Felippe,$165Th.  ,hellas verona
386,Christian Pierobon,$55Th.  ,hellas verona
387,Filippo Terracciano,0,hellas verona
388,Davide Faraoni,$7.70m  ,hellas verona
389,Darko Lazovic,$5.50m  ,hellas verona
390,Mattia Zaccagni,$16.50m  ,hellas verona
391,Antonin Barak,$15.40m  ,hellas verona
392,Ebrima Colley,$4.40m  ,hellas verona
393,Matteo Cancellieri,$110Th.  ,hellas verona
394,Lorenzo Bertini,$83Th.  ,hellas verona
395,Eddie Salcedo,$9.35m  ,hellas verona
396,Kevin Lasagna,$6.60m  ,hellas verona
397,Andrea Favilli,$3.85m  ,hellas verona
398,Mariusz Stepinski,$2.75m  ,hellas verona
399,Nikola Kalinic,$1.65m  ,hellas verona
400,Samuel Di Carmine,$1.32m  ,hellas verona
401,Lubomir Tupta,$385Th.  ,hellas verona
402,Philip Yeboah,$138Th.  ,hellas verona
403,Mattia Perin,$7.70m  ,genoa cfc
404,Alberto Paleari,$1.10m  ,genoa cfc
405,Federico Marchetti,$220Th.  ,genoa cfc
406,Lukas Zima,$220Th.  ,genoa cfc
407,Giuseppe Agostino,$138Th.  ,genoa cfc
408,Jérôme Onguéné,$3.85m  ,genoa cfc
409,Mattia Bani,$3.30m  ,genoa cfc
410,Davide Biraschi,$2.75m  ,genoa cfc
411,Edoardo Goldaniga,$2.20m  ,genoa cfc
412,Andrea Masiello,$880Th.  ,genoa cfc
413,Cristián Zapata,$440Th.  ,genoa cfc
414,Daniel Dumbravanu,$110Th.  ,genoa cfc
415,Luca Pellegrini,$9.90m  ,genoa cfc
416,Domenico Criscito,$1.65m  ,genoa cfc
417,Davide Zappacosta,$8.80m  ,genoa cfc
418,Peter Ankersen,$1.65m  ,genoa cfc
419,Nicolò Rovella,$5.50m  ,genoa cfc
420,Milan Badelj,$2.20m  ,genoa cfc
421,Ivan Radovanovic,$1.43m  ,genoa cfc
422,Lasse Schöne,$825Th.  ,genoa cfc
423,Valon Behrami,$440Th.  ,genoa cfc
424,Kevin Strootman,$5.50m  ,genoa cfc
425,Stefano Sturaro,$4.95m  ,genoa cfc
426,Lukas Lerager,$3.30m  ,genoa cfc
427,Miha Zajc,$3.30m  ,genoa cfc
428,Francesco Cassata,$2.42m  ,genoa cfc
429,Filippo Melegoni,$990Th.  ,genoa cfc
430,Petar Brlek,$770Th.  ,genoa cfc
431,Steeve-Mike Eyango,$440Th.  ,genoa cfc
432,Paolo Ghiglione,$3.74m  ,genoa cfc
433,Darian Males,$2.75m  ,genoa cfc
434,Lennart Czyborra,$3.85m  ,genoa cfc
435,Manolo Portanova,$1.10m  ,genoa cfc
436,Marko Pjaca,$4.40m  ,genoa cfc
437,Claudiu Micovschi,$275Th.  ,genoa cfc
438,Giuseppe Caso,$220Th.  ,genoa cfc
439,Vittorio Parigini,$770Th.  ,genoa cfc
440,Goran Pandev,$550Th.  ,genoa cfc
441,Yayah Kallon,$440Th.  ,genoa cfc
442,Gianluca Scamacca,$16.50m  ,genoa cfc
443,Eldor Shomurodov,$7.70m  ,genoa cfc
444,Mattia Destro,$2.75m  ,genoa cfc
445,Raúl Asencio,$605Th.  ,genoa cfc
446,Joel Asoro,$495Th.  ,genoa cfc
447,Lukasz Skorupski,$4.18m  ,bologna fc 1909
448,Angelo da Costa,$220Th.  ,bologna fc 1909
449,Federico Ravaglia,$220Th.  ,bologna fc 1909
450,Sebastian Breza,$110Th.  ,bologna fc 1909
451,Marco Molla,$83Th.  ,bologna fc 1909
452,Takehiro Tomiyasu,$22.00m  ,bologna fc 1909
453,Adama Soumaoro,$4.40m  ,bologna fc 1909
454,Stefano Denswil,$3.85m  ,bologna fc 1909
455,Mattia Bani,$3.30m  ,bologna fc 1909
456,Valentin Antov,$2.20m  ,bologna fc 1909
457,Arturo Calabresi,$1.65m  ,bologna fc 1909
458,Nehuén Paz,$715Th.  ,bologna fc 1909
459,Danilo,$660Th.  ,bologna fc 1909
460,Omar Khailoti,$220Th.  ,bologna fc 1909
461,Ebenezer Annan,$83Th.  ,bologna fc 1909
462,Wisdom Amey,0,bologna fc 1909
463,Aaron Hickey,$5.50m  ,bologna fc 1909
464,Mitchell Dijks,$3.85m  ,bologna fc 1909
465,Paolo Faragò,$2.20m  ,bologna fc 1909
466,Lorenzo De Silvestri,$1.65m  ,bologna fc 1909
467,Ibrahima Mbaye,$1.54m  ,bologna fc 1909
468,Alex Arnofoli,0,bologna fc 1909
469,Gary Medel,$1.10m  ,bologna fc 1909
470,Mattias Svanberg,$13.20m  ,bologna fc 1909
471,Nicolás Domínguez,$11.00m  ,bologna fc 1909
472,Jerdy Schouten,$9.90m  ,bologna fc 1909
473,Andrea Poli,$1.10m  ,bologna fc 1909
474,Andri Fannar Baldursson,$1.10m  ,bologna fc 1909
475,Kingsley Michael,$550Th.  ,bologna fc 1909
476,Dion Ruffo Luci,$110Th.  ,bologna fc 1909
477,Roberto Soriano,$11.00m  ,bologna fc 1909
478,Kacper Urbanski,$220Th.  ,bologna fc 1909
479,Nicola Sansone,$4.18m  ,bologna fc 1909
480,Musa Juwara,$1.10m  ,bologna fc 1909
481,Matias Rocchi,$165Th.  ,bologna fc 1909
482,Riccardo Orsolini,$16.50m  ,bologna fc 1909
483,Andreas Skov Olsen,$7.15m  ,bologna fc 1909
484,Emanuel Vignato,$6.60m  ,bologna fc 1909
485,Musa Barrow,$22.00m  ,bologna fc 1909
486,Federico Santander,$1.65m  ,bologna fc 1909
487,Edoardo Vergani,$660Th.  ,bologna fc 1909
488,Rodrigo Palacio,$440Th.  ,bologna fc 1909
489,Simone Rabbi,$330Th.  ,bologna fc 1909
490,Mattia Pagliuca,$275Th.  ,bologna fc 1909
491,Antonio Raimondo,0,bologna fc 1909
492,Bartlomiej Dragowski,$17.60m  ,acf fiorentina
493,Pietro Terracciano,$880Th.  ,acf fiorentina
494,Federico Brancolini,$550Th.  ,acf fiorentina
495,Antonio Rosati,$110Th.  ,acf fiorentina
496,Jacopo Ricco,0,acf fiorentina
497,Nikola Milenkovic,$27.50m  ,acf fiorentina
498,Lucas Martínez Quarta,$11.00m  ,acf fiorentina
499,Germán Pezzella,$8.25m  ,acf fiorentina
500,Igor,$5.50m  ,acf fiorentina
501,Federico Ceccherini,$3.85m  ,acf fiorentina
502,Martín Cáceres,$1.10m  ,acf fiorentina
503,Christian Dalle Mura,$880Th.  ,acf fiorentina
504,Julián Illanes,$165Th.  ,acf fiorentina
505,Eduard Dutu,$110Th.  ,acf fiorentina
506,Lorenzo Chiti,$55Th.  ,acf fiorentina
507,Cristiano Biraghi,$9.90m  ,acf fiorentina
508,Antonio Barreca,$2.20m  ,acf fiorentina
509,Maximiliano Olivera,$1.10m  ,acf fiorentina
510,Fabio Ponsi,$193Th.  ,acf fiorentina
511,Pol Lirola,$9.90m  ,acf fiorentina
512,Kévin Malcuit,$3.85m  ,acf fiorentina
513,Lorenzo Venuti,$3.30m  ,acf fiorentina
514,Sofyan Amrabat,$16.50m  ,acf fiorentina
515,Erick Pulgar,$9.90m  ,acf fiorentina
516,Dimo Krastev,0,acf fiorentina
517,Gaetano Castrovilli,$22.00m  ,acf fiorentina
518,Alfred Duncan,$11.00m  ,acf fiorentina
519,Giacomo Bonaventura,$4.40m  ,acf fiorentina
520,Borja Valero,$990Th.  ,acf fiorentina
521,Alessandro Bianco,$138Th.  ,acf fiorentina
522,Riccardo Saponara,$1.87m  ,acf fiorentina
523,Valentin Eysseric,$1.65m  ,acf fiorentina
524,Tòfol Montiel,$440Th.  ,acf fiorentina
525,Franck Ribéry,$3.30m  ,acf fiorentina
526,Federico Chiesa,$66.00m  ,acf fiorentina
527,José Callejón,$1.65m  ,acf fiorentina
528,Dusan Vlahovic,$44.00m  ,acf fiorentina
529,Patrick Cutrone,$9.90m  ,acf fiorentina
530,Christian Kouamé,$9.35m  ,acf fiorentina
531,Aleksandr Kokorin,$3.85m  ,acf fiorentina
532,Louis Munteanu,$550Th.  ,acf fiorentina
533,Juan Musso,$22.00m  ,udinese calcio
534,Simone Scuffet,$880Th.  ,udinese calcio
535,Nícolas,$385Th.  ,udinese calcio
536,Manuel Gasparini,$330Th.  ,udinese calcio
537,Edoardo Piana,0,udinese calcio
538,Matteo Carnelos,0,udinese calcio
539,Kevin Bonifazi,$7.70m  ,udinese calcio
540,Samir,$5.50m  ,udinese calcio
541,Bram Nuytinck,$5.50m  ,udinese calcio
542,Rodrigo Becão,$5.50m  ,udinese calcio
543,William Troost-Ekong,$4.40m  ,udinese calcio
544,Sebastien De Maio,$770Th.  ,udinese calcio
545,Sebastian Prödl,$220Th.  ,udinese calcio
546,Thomas Ouwejan,$2.20m  ,udinese calcio
547,Marvin Zeegelaar,$1.32m  ,udinese calcio
548,Nahuel Molina,$7.70m  ,udinese calcio
549,Jens Stryger Larsen,$4.40m  ,udinese calcio
550,Hidde ter Avest,$2.20m  ,udinese calcio
551,Rolando Mandragora,$15.40m  ,udinese calcio
552,Walace,$5.50m  ,udinese calcio
553,Mato Jajalo,$440Th.  ,udinese calcio
554,Alessandro Rigo,$55Th.  ,udinese calcio
555,Jean-Victor Makengo,$3.30m  ,udinese calcio
556,Tolgay Arslan,$3.30m  ,udinese calcio
557,Mamadou Coulibaly,$2.20m  ,udinese calcio
558,Martin Palumbo,$880Th.  ,udinese calcio
559,Thomas Battistella,$55Th.  ,udinese calcio
560,Marco Ballarini,$110Th.  ,udinese calcio
561,Rodrigo de Paul,$41.80m  ,udinese calcio
562,Roberto Pereyra,$11.00m  ,udinese calcio
563,Petar Micin,$385Th.  ,udinese calcio
564,Gerard Deulofeu,$11.00m  ,udinese calcio
565,Jayden Braaf,$3.30m  ,udinese calcio
566,Ignacio Pussetto,$5.50m  ,udinese calcio
567,Ryder Matos,$1.10m  ,udinese calcio
568,Fernando Forestieri,$990Th.  ,udinese calcio
569,Kevin Lasagna,$6.60m  ,udinese calcio
570,Stefano Okaka,$2.20m  ,udinese calcio
571,Cristo,$1.65m  ,udinese calcio
572,Ilija Nestorovski,$1.43m  ,udinese calcio
573,Fernando Llorente,$1.10m  ,udinese calcio
574,Salah Basha,0,udinese calcio
575,Ivan Provedel,$2.75m  ,spezia calcio
576,Jeroen Zoet,$2.20m  ,spezia calcio
577,Titas Krapikas,$330Th.  ,spezia calcio
578,Rafael,$220Th.  ,spezia calcio
579,Axel Desjardins,$28Th.  ,spezia calcio
580,Julian Chabot,$3.30m  ,spezia calcio
581,Martin Erlic,$3.30m  ,spezia calcio
582,Ardian Ismajli,$2.75m  ,spezia calcio
583,Elio Capradossi,$990Th.  ,spezia calcio
584,Claudio Terzi,$330Th.  ,spezia calcio
585,Nicolò Bertola,0,spezia calcio
586,Simone Bastoni,$3.30m  ,spezia calcio
587,Riccardo Marchizza,$1.65m  ,spezia calcio
588,Cristian Dell'Orco,$660Th.  ,spezia calcio
589,Juan Ramos,$330Th.  ,spezia calcio
590,Salva Ferrer,$1.43m  ,spezia calcio
591,Luca Vignali,$1.10m  ,spezia calcio
592,Federico Mattiello,$825Th.  ,spezia calcio
593,Jacopo Sala,$550Th.  ,spezia calcio
594,Lucien Agoume,$5.50m  ,spezia calcio
595,Matteo Ricci,$3.85m  ,spezia calcio
596,Léo Sena,$2.20m  ,spezia calcio
597,Giulio Maggiore,$8.25m  ,spezia calcio
598,Tommaso Pobega,$6.60m  ,spezia calcio
599,Nahuel Estévez,$2.20m  ,spezia calcio
600,Alessandro Deiola,$1.10m  ,spezia calcio
601,Paolo Bartolomei,$605Th.  ,spezia calcio
602,Gennaro Acampora,$440Th.  ,spezia calcio
603,Luca Mora,$385Th.  ,spezia calcio
604,Niccolò Pietra,0,spezia calcio
605,Riccardo Saponara,$1.87m  ,spezia calcio
606,Emmanuel Gyasi,$2.75m  ,spezia calcio
607,Diego Farias,$2.75m  ,spezia calcio
608,Kevin Agudelo,$3.85m  ,spezia calcio
609,Daniele Verde,$1.65m  ,spezia calcio
610,Giuseppe Mastinu,$330Th.  ,spezia calcio
611,M'Bala Nzola,$4.40m  ,spezia calcio
612,Roberto Piccoli,$3.30m  ,spezia calcio
613,Andrey Galabinov,$770Th.  ,spezia calcio
614,Alessio Cragno,$22.00m  ,cagliari calcio
615,Guglielmo Vicario,$2.20m  ,cagliari calcio
616,Giuseppe Ciocci,$220Th.  ,cagliari calcio
617,Simone Aresti,$110Th.  ,cagliari calcio
618,Sebastian Walukiewicz,$8.25m  ,cagliari calcio
619,Daniele Rugani,$5.50m  ,cagliari calcio
620,Andrea Carboni,$5.50m  ,cagliari calcio
621,Diego Godín,$2.20m  ,cagliari calcio
622,Luca Ceppitelli,$2.20m  ,cagliari calcio
623,Arturo Calabresi,$1.65m  ,cagliari calcio
624,Ragnar Klavan,$660Th.  ,cagliari calcio
625,Fabio Pisacane,$550Th.  ,cagliari calcio
626,Salvatore Boccia,$165Th.  ,cagliari calcio
627,Francesco Paolo Cusumano,$83Th.  ,cagliari calcio
628,Charalampos Lykogiannis,$2.75m  ,cagliari calcio
629,Alessandro Tripaldelli,$1.10m  ,cagliari calcio
630,Gabriele Zappa,$7.70m  ,cagliari calcio
631,Paolo Faragò,$2.20m  ,cagliari calcio
632,Simone Pinna,$220Th.  ,cagliari calcio
633,Christian Oliva,$4.40m  ,cagliari calcio
634,Riccardo Ladinetti,$385Th.  ,cagliari calcio
635,Nahitan Nández,$24.20m  ,cagliari calcio
636,Razvan Marin,$16.50m  ,cagliari calcio
637,Marko Rog,$11.00m  ,cagliari calcio
638,Alfred Duncan,$11.00m  ,cagliari calcio
639,Alessandro Deiola,$1.10m  ,cagliari calcio
640,Fabrizio Caligara,$825Th.  ,cagliari calcio
641,Kwadwo Asamoah,$1.10m  ,cagliari calcio
642,Marko Pajac,$550Th.  ,cagliari calcio
643,Radja Nainggolan,$5.50m  ,cagliari calcio
644,Gastón Pereiro,$3.85m  ,cagliari calcio
645,Riccardo Sottil,$7.70m  ,cagliari calcio
646,Matteo Tramoni,$1.65m  ,cagliari calcio
647,Adam Ounas,$8.80m  ,cagliari calcio
648,Kiril Despodov,$3.30m  ,cagliari calcio
649,Zito Luvumbo,$1.10m  ,cagliari calcio
650,João Pedro,$19.80m  ,cagliari calcio
651,Isaias Delpupo,0,cagliari calcio
652,Giovanni Simeone,$12.10m  ,cagliari calcio
653,Leonardo Pavoletti,$4.40m  ,cagliari calcio
654,Alberto Cerri,$1.65m  ,cagliari calcio
655,Gianluca Contini,$440Th.  ,cagliari calcio
656,Salvatore Sirigu,$2.75m  ,torino fc
657,Vanja Milinković-Savić,$880Th.  ,torino fc
658,Samir Ujkani,$220Th.  ,torino fc
659,Antonio Rosati,$110Th.  ,torino fc
660,Razvan Sava,$110Th.  ,torino fc
661,Bremer,$11.00m  ,torino fc
662,Armando Izzo,$11.00m  ,torino fc
663,Lyanco,$5.50m  ,torino fc
664,Nicolas N'Koulou,$5.50m  ,torino fc
665,Alessandro Buongiorno,$2.75m  ,torino fc
666,Erick Ferigra,$440Th.  ,torino fc
667,Christian Celesia,$83Th.  ,torino fc
668,Nicola Murru,$3.85m  ,torino fc
669,Ricardo Rodríguez,$2.20m  ,torino fc
670,Cristian Ansaldi,$2.20m  ,torino fc
671,Wilfried Singo,$7.70m  ,torino fc
672,Mërgim Vojvoda,$5.50m  ,torino fc
673,Rolando Mandragora,$15.40m  ,torino fc
674,Tomás Rincón,$2.20m  ,torino fc
675,Altin Kryeziu,$110Th.  ,torino fc
676,Karol Linetty,$6.60m  ,torino fc
677,Soualiho Meïté,$5.50m  ,torino fc
678,Sasa Lukic,$5.50m  ,torino fc
679,Daniele Baselli,$5.50m  ,torino fc
680,Jacopo Segre,$1.54m  ,torino fc
681,Ibrahim Karamoko,$330Th.  ,torino fc
682,Jean Freddi Greco,$275Th.  ,torino fc
683,Simone Verdi,$8.80m  ,torino fc
684,Amer Gojak,$4.18m  ,torino fc
685,Krisztofer Horváth,$110Th.  ,torino fc
686,Álex Berenguer,$16.50m  ,torino fc
687,Vincenzo Millico,$1.32m  ,torino fc
688,Iago Falque,$1.65m  ,torino fc
689,Simone Edera,$550Th.  ,torino fc
690,Andrea Belotti,$38.50m  ,torino fc
691,Antonio Sanabria,$8.25m  ,torino fc
692,Federico Bonazzoli,$4.40m  ,torino fc
693,Simone Zaza,$3.30m  ,torino fc
694,Nicola Rauti,$385Th.  ,torino fc
695,Samuele Vianni,$110Th.  ,torino fc
696,Lorenzo Montipò,$3.85m  ,benevento calcio
697,Nicolò Manfredini,$165Th.  ,benevento calcio
698,Igor Lucatelli,$110Th.  ,benevento calcio
699,Pier Graziano Gori,$55Th.  ,benevento calcio
700,Kamil Glik,$2.20m  ,benevento calcio
701,Luca Caldirola,$1.98m  ,benevento calcio
702,Federico Barba,$1.65m  ,benevento calcio
703,Alessandro Tuia,$880Th.  ,benevento calcio
704,Luca Antei,$550Th.  ,benevento calcio
705,Christian Pastina,$440Th.  ,benevento calcio
706,Daam Foulon,$1.10m  ,benevento calcio
707,Fabio Depaoli,$3.85m  ,benevento calcio
708,Gaetano Letizia,$2.20m  ,benevento calcio
709,Christian Maggio,$330Th.  ,benevento calcio
710,Pasquale Schiattarella,$1.10m  ,benevento calcio
711,Artur Ionita,$1.98m  ,benevento calcio
712,Nicolas Viola,$1.65m  ,benevento calcio
713,Bryan Dabo,$1.32m  ,benevento calcio
714,Perparim Hetemaj,$990Th.  ,benevento calcio
715,Andrés Tello,$825Th.  ,benevento calcio
716,Lorenzo Del Pinto,$220Th.  ,benevento calcio
717,Amadou Diambo,$220Th.  ,benevento calcio
718,Siriki Sanogo,$110Th.  ,benevento calcio
719,Abdallah Basit,$83Th.  ,benevento calcio
720,Cy Goddard,$110Th.  ,benevento calcio
721,Dejan Vokić,$110Th.  ,benevento calcio
722,Davide Masella,$110Th.  ,benevento calcio
723,Gianluca Caprari,$6.60m  ,benevento calcio
724,Riccardo Improta,$1.65m  ,benevento calcio
725,Roberto Insigne,$2.20m  ,benevento calcio
726,Iago Falque,$1.65m  ,benevento calcio
727,Adolfo Gaich,$8.80m  ,benevento calcio
728,Gianluca Lapadula,$3.85m  ,benevento calcio
729,Gabriele Moncini,$1.10m  ,benevento calcio
730,Giuseppe Di Serio,$550Th.  ,benevento calcio
731,Marco Sau,$550Th.  ,benevento calcio
732,Alex Cordaz,$550Th.  ,fc crotone
733,Marco Festa,$165Th.  ,fc crotone
734,Gian Marco Crespi,$165Th.  ,fc crotone
735,Francesco D'Alterio,$55Th.  ,fc crotone
736,Lisandro Magallán,$2.75m  ,fc crotone
737,Sebastiano Luperto,$2.42m  ,fc crotone
738,Koffi Djidji,$1.98m  ,fc crotone
739,Giuseppe Cuomo,$990Th.  ,fc crotone
740,Vladimir Golemic,$990Th.  ,fc crotone
741,Luca Marrone,$550Th.  ,fc crotone
742,Sergio Yakubiv,$55Th.  ,fc crotone
743,Nicolás Spolli,0,fc crotone
744,Giovanni D'Aprile,0,fc crotone
745,Massimiliano Mignogna,0,fc crotone
746,Eduardo Henrique,$1.87m  ,fc crotone
747,Jacopo Petriccione,$1.43m  ,fc crotone
748,Luca Cigarini,$660Th.  ,fc crotone
749,Aristóteles Romero,$165Th.  ,fc crotone
750,Niccolò Zanellato,$1.98m  ,fc crotone
751,Ahmad Benali,$1.65m  ,fc crotone
752,Milos Vulic,$1.65m  ,fc crotone
753,Giovanni Crociata,$990Th.  ,fc crotone
754,Tomislav Gomelt,$220Th.  ,fc crotone
755,Antonio Ranieri,0,fc crotone
756,Mattia Timmoneri,0,fc crotone
757,Pedro Pereira,$2.20m  ,fc crotone
758,Salvatore Molina,$1.43m  ,fc crotone
759,Andrea Rispoli,$550Th.  ,fc crotone
760,Arkadiusz Reca,$4.40m  ,fc crotone
761,Antonio Mazzotta,$220Th.  ,fc crotone
762,Luis Rojas,$1.87m  ,fc crotone
763,Adam Ounas,$8.80m  ,fc crotone
764,Mattia Mustacchio,$440Th.  ,fc crotone
765,Luca Siligardi,$330Th.  ,fc crotone
766,Giuseppe Borello,$275Th.  ,fc crotone
767,Junior Messias,$3.85m  ,fc crotone
768,Augustus Kargbo,$495Th.  ,fc crotone
769,Simy,$8.80m  ,fc crotone
770,Samuel Di Carmine,$1.32m  ,fc crotone
771,Denis Dragus,$990Th.  ,fc crotone
772,Emmanuel Rivière,$770Th.  ,fc crotone
773,Luigi Sepe,$3.85m  ,parma calcio 1913
774,Simone Colombi,$660Th.  ,parma calcio 1913
775,Filippo Rinaldi,$220Th.  ,parma calcio 1913
776,Fabrizio Alastra,$110Th.  ,parma calcio 1913
777,Martin Turk,0,parma calcio 1913
778,Lautaro Valenti,$4.95m  ,parma calcio 1913
779,Yordan Osorio,$4.40m  ,parma calcio 1913
780,Mattia Bani,$3.30m  ,parma calcio 1913
781,Daan Dierckx,$1.10m  ,parma calcio 1913
782,Kastriot Dermaku,$990Th.  ,parma calcio 1913
783,Simone Iacoponi,$880Th.  ,parma calcio 1913
784,Botond Balogh,$880Th.  ,parma calcio 1913
785,Bruno Alves,$440Th.  ,parma calcio 1913
786,Abdoul Hate Bane,$55Th.  ,parma calcio 1913
787,Giuseppe Pezzella,$6.60m  ,parma calcio 1913
788,Riccardo Gagliolo,$2.20m  ,parma calcio 1913
789,Vasilios Zagaritis,$550Th.  ,parma calcio 1913
790,Giacomo Ricci,$330Th.  ,parma calcio 1913
791,Matteo Darmian,$7.70m  ,parma calcio 1913
792,Andrea Conti,$4.95m  ,parma calcio 1913
793,Maxime Busi,$4.95m  ,parma calcio 1913
794,Vincent Laurini,$660Th.  ,parma calcio 1913
795,Reinaldo Radu,$110Th.  ,parma calcio 1913
796,Simon Sohm,$4.95m  ,parma calcio 1913
797,Gastón Brugman,$2.20m  ,parma calcio 1913
798,Matteo Scozzarella,$880Th.  ,parma calcio 1913
799,Hernani,$7.15m  ,parma calcio 1913
800,Wylan Cyprien,$6.60m  ,parma calcio 1913
801,Alberto Grassi,$4.95m  ,parma calcio 1913
802,Juraj Kucka,$3.30m  ,parma calcio 1913
803,Jasmin Kurtic,$2.20m  ,parma calcio 1913
804,Hans Nicolussi Caviglia,$1.65m  ,parma calcio 1913
805,Jacopo Dezi,$880Th.  ,parma calcio 1913
806,Giuseppe Carriero,$275Th.  ,parma calcio 1913
807,Drissa Camara,$275Th.  ,parma calcio 1913
808,Lorenzo Simonetti,$110Th.  ,parma calcio 1913
809,Márk Kosznovszky,$110Th.  ,parma calcio 1913
810,Redi Kasa,$55Th.  ,parma calcio 1913
811,Juan Brunetta,$3.30m  ,parma calcio 1913
812,Valentin Mihaila,$9.35m  ,parma calcio 1913
813,Gervinho,$1.65m  ,parma calcio 1913
814,Chaka Traorè,0,parma calcio 1913
815,Dennis Man,$11.00m  ,parma calcio 1913
816,Yann Karamoh,$6.60m  ,parma calcio 1913
817,Mattia Sprocati,$660Th.  ,parma calcio 1913
818,Luca Siligardi,$330Th.  ,parma calcio 1913
819,André Lopes Silva,0,parma calcio 1913
820,Joshua Zirkzee,$8.80m  ,parma calcio 1913
821,Andreas Cornelius,$6.60m  ,parma calcio 1913
822,Roberto Inglese,$6.60m  ,parma calcio 1913
823,Graziano Pellè,$660Th.  ,parma calcio 1913
824,Andrea Adorante,$440Th.  ,parma calcio 1913
825,Gabriele Artistico,$110Th.  ,parma calcio 1913
